{"target": 63.76490898836226, "params": {"C_base": 9.753198042323167, "K_g": 10.881297973768632}, "datetime": {"datetime": "2026-03-31 16:24:21", "elapsed": 0.0, "delta": 0.0}}
